{
    "model_name": "LogisticRegression",
    "timestamp": "20250720_183628",
    "metrics": {
        "accuracy": 0.78060522696011,
        "precision": 0.6453488372093024,
        "recall": 0.5298329355608592,
        "f1": 0.581913499344692,
        "confusion_matrix": [
            [
                913,
                122
            ],
            [
                197,
                222
            ]
        ],
        "roc_auc": 0.8172298894307818
    },
    "cv_scores": {
        "accuracy": 0.7837600247445994,
        "precision": 0.655622835098937,
        "recall": 0.5262918938242918,
        "f1": 0.5837437960202723,
        "roc_auc": 0.8170918012842586,
        "std": {
            "accuracy": 0.008891859408790366,
            "precision": 0.022849847617428386,
            "recall": 0.009730442047375373,
            "f1": 0.013041888888981416,
            "roc_auc": 0.01295376199879857
        }
    }
}