{
    "model_name": "LogisticRegression",
    "timestamp": "20250720_183535",
    "metrics": {
        "accuracy": 0.78060522696011,
        "precision": 0.6453488372093024,
        "recall": 0.5298329355608592,
        "f1": 0.581913499344692,
        "confusion_matrix": [[913, 122], [197, 222]],
        "roc_auc": 0.8171663019693654
    },
    "cv_scores": {
        "accuracy": 0.7838,
        "precision": 0.6556,
        "recall": 0.5263,
        "f1": 0.5837,
        "roc_auc": 0.8171,
        "std": {
            "accuracy": 0.0089,
            "precision": 0.0229,
            "recall": 0.0098,
            "f1": 0.0131,
            "roc_auc": 0.0130
        }
    }
} 